Data X,Data Y,Data Z,Data A,Data B,Data C
60.652692033036146,66.5189166165796,83.7702153024078,8.630534683348149,3.649287918996367,223.22164655436808
55.72223179518724,66.99485162349569,114.47482496443192,3.759712920781456,1.5450341215322414,242.49665542542854
,37.295113355727565,-172.29444247593878,0.5686298876185156,3.114811318389353,
49.93292920057182,83.47309763081199,-2.436015637541355,-15.295277648645294,0.8414017311104125,116.5161352763076
54.970687791123844,47.71510453080049,74.44661519091441,1.6735339966654927,10.839000355978206,189.64494186548248
46.39262203996036,83.2472456710591,85.1422268310102,3.1429133286464075,0.4866599293138698,218.41166779998994
,33.8693653504928,,6.557943822308017,2.557623957501904,
50.868388205719754,98.5082924263138,114.11308443330276,2.8323616206699813,14.207597264906912,280.5297239509132
50.03433144747227,88.50747903939167,132.0213298405104,-7.22778681604624,17.337839200648652,280.6731927119767
48.60319831525647,50.3672130428451,91.575200414075,4.5937121885713745,7.947635001941898,203.08695896268986
53.46420951962878,40.18460588626451,135.09060317734486,12.577815080968106,2.24204187779387,243.5592755420001
,12.67354485850585,87.42236213037022,,0.9616341527636614,
42.279474635865895,99.1843073784619,104.84539952241713,0.7921541285986446,3.7170608690827542,250.8183965344263
58.226192623861635,71.28545723475304,101.73431174864373,12.003109684299668,0.8973157032662193,244.1463869948243
51.829041040997275,27.024236776143407,68.49946504623406,-2.239565312403217,0.35137806951185446,145.4645556204834
-75.88089782584922,14.054099454745579,90.18277900576518,11.79830233955188,21.000871551196983,61.15515452541041
,11.182559082624916,-6.75520710912284,-4.294317896380453,,
51.081095027589086,69.5629554966636,2.9673883526653633,-2.9962573348828103,0.1910815320229999,120.80626307405825
61.876296014692656,19.676111022687504,93.77522366529153,7.0168224204965375,19.07060026564498,201.4150533888132
,,60.26226812091591,7.834796600744385,,
,34.04071431185092,,5.8090333989608,3.9313696591653287,
36.05302163280874,20.57250035483546,96.46394477470318,7.016404771673878,24.260178574776226,184.3660501087975
52.12856131200441,95.22382787155003,89.28032220770137,9.512761802083103,1.1144479471330708,247.259921140472
69.07973864568878,97.96514943120445,143.63366907758538,6.054692085389438,-5.638930488312035,311.09431875155605
58.989530027275386,91.4031328841838,96.20447409664176,-6.426801631340974,0.6546966559079053,240.8250320326679
63.38097770646262,81.65621345185318,100.03476611339364,6.3934462685106075,0.6187027247233026,252.08410626494336
50.79319372668195,15.888648058104524,168.99285825940427,7.924994377708146,1.1525132211310378,244.75220764302992
61.1839710167486,-11.300359229886546,-128.91983641134976,1.8385832475318225,9.39033144010351,-67.80730993685238
,,76.4158301052638,1.5862629136376993,10.20545299161507,
54.905633478877114,23.63353416554513,73.83081215650358,-0.9071274013065764,3.392979336764058,154.8558317363833
47.86146249061145,68.20481756101239,105.42775307851572,7.624148954528095,9.115513903340734,238.23369598800838
45.60552788715617,12.63111146916378,-193.06640228919147,1.1850697261754384,2.2909841710259515,-131.35370903567014
51.061666366079606,77.81687852590468,106.73919388333587,2.4259135512410337,20.162718045837845,258.206370372399
-12.212369454426513,90.0759651481139,-15.353408906590257,2.674311140546183,0.8174395557752625,66.00193748341857
60.46778464690782,10.934203534944002,-17.518224364948917,6.037728748215577,30.926810508462463,90.84830307358094
51.560106233864744,39.46850585259776,136.91305177836497,-7.883788888795086,6.6278216477597045,226.6856966237921
53.20167990601878,84.564198232524,-206.72351436310163,1.5848916020985884,1.8825746651961106,-65.49016995726411
47.29894130331575,20.133783456437722,99.95387217298232,6.1532549682525435,0.9275368288899948,174.46738872987834
60.05177811004124,12.222616412234045,88.44940013109061,-4.827966256851909,4.210995347394764,160.10682374390876
44.144243983990336,22.33594947368885,41.437521707106015,10.07056775534941,1.4289845661693317,119.41726748630394
55.281852409810504,32.40147447776486,77.92407864984834,6.278850529896002,5.356922319015845,177.24317838633553
,,243.87015954812736,1.3341346370343832,0.3741010578859516,
,,-15.045479634569995,3.3978112551215767,13.626373416173422,
46.08530226492279,34.84503537015004,111.71193981923307,3.404723777567564,12.52669639334771,208.57369762522117
43.563270861840365,61.890101856386245,-289.476651681186,7.496500337558336,44.53626616637483,-131.99051245902626
48.29841889031591,33.25796248640238,98.1747016257888,5.595851214259245,12.86135714179583,198.18829135856217
47.28687803149252,-10.104625664996034,280.85560899439895,19.40628111797013,2.2033513161410445,339.6474937950066
52.49735949050578,8.499490525539713,-129.75213594731377,27.4501894073979,9.264685814729825,-32.04041070914055
,39.973220239359335,109.9077249784759,9.758218519181646,,
48.82063793818384,37.30304779976619,-130.21299653226941,2.9224030841770974,2.4006313980047516,-38.76627631213752
,38.361455753851914,,6.556729738169265,5.777470998670637,
,34.32026596527338,128.70039855101157,4.1826550332515975,2.5366717296069172,
,91.0265156877163,,7.02328624053393,11.693980016758633,
25.06022941931897,97.02767829644047,134.98655467026376,-8.506555027922698,1.4554269720887287,250.02333433018921
-9.025373305303,90.70286926074992,60.33717709627308,-3.978788212299099,0.971791603432294,139.0076764428532
51.62864637861983,43.594784181699644,91.70902445845441,16.281539117069315,3.822932495678555,207.03692663152174
69.15762931907628,68.34512946448214,-6.963891846047222,6.382119904549218,6.744949178539974,143.66593602060038
57.33967150008343,38.029763391513,104.39259944849948,11.707666897491224,0.40215259461031927,211.87185383219747
49.10182023044672,82.89748917295329,133.0077374060633,9.541652519205636,3.056284847188442,277.6049841758574
47.10255642286208,82.42956070379346,-14.684760824570896,0.9358915125260836,4.873649086952526,120.65689690156323
48.142541952447274,81.4975919803303,107.99383967429486,1.1363553811368434,3.148376754831525,241.91870574304082
45.986168803241064,20.029165554822427,91.81355764934833,5.373875563729799,31.683845824048607,194.8866133951902
59.03028122487902,83.04383292699696,190.01442922456957,4.355926852199333,2.653307887898337,339.09777811654317
,,-75.75770517790384,-1.474679931522319,0.8965171891313705,
49.35102252946443,89.65721395878751,76.77069463918143,-1.7479798733725627,0.9534291869942759,214.9843804410551
,39.01789466409585,130.10684169823864,6.845731216008791,2.3732269132200905,
,19.644888856598584,,7.998393479166567,-10.206973555419891,
,,106.02561665269866,-3.7319250320854085,23.579338598586627,
47.100006534754876,70.5507725316582,-219.9407711661048,3.8664710923893946,21.329379927183655,-77.0941410801187
49.02475447070489,74.27349040191046,65.22734668130141,15.03280933019767,82.40709154095629,285.9654924250707
52.55485136872979,31.35107826824945,73.11663186416901,0.7963352844329981,0.6866968845768078,158.50559367015802
,82.51456316319417,108.44335498029426,4.423679141654615,2.3953358288844777,
48.27368086135583,92.64666676583836,103.23644464942623,4.737905272242864,9.80496016732103,258.69965771618433
57.912579659995515,98.61596615969229,-24.396914191571792,11.317616772481447,2.610212569188998,146.05946096978644
,,116.81864776833928,1.2698209587066378,57.657393476616534,
69.74120845147682,56.43315645966497,-65.06195166030466,-1.0771045425169339,7.886143837900018,67.92145254622022
37.93342810269427,73.0075877755466,69.78855397047553,12.698835460876932,6.262268385580863,199.69067369517418
54.9648053040689,16.890289769727588,-96.97851902465344,6.736628486386339,9.522328378599662,-8.864467085870947
41.6389396998845,-166.76195688573145,68.05118326236055,-1.8986951573260136,1.0386763273901423,-57.93185275342227
43.61592945862205,83.22243824005459,117.52597328487602,1.3001325395604804,10.63537135341684,256.29984487652996
65.88067673140586,42.3155541925521,103.08454879071914,-0.2098704560839133,3.6061012417914444,214.67701050038463
63.95851318671441,97.81333633836769,115.27029376349168,8.4611377807732,4.294396981739484,289.7976780510865
35.150516155110815,44.7387487296576,79.22021498475819,-1.949114669966793,1.5384347448719424,158.69879994443173
48.217810407176,11.458845279193989,115.88341096602645,8.6669124040083,17.89190321163486,202.11888226803958
,11.680700982697473,21.126343286668398,10.233003732588756,,
32.946303132147165,58.97255890259396,210.572690079545,4.406563989541333,5.571754439034164,312.46987054286166
49.609355909289974,49.88316855099476,94.66344570644836,-0.39812763639634596,1.8974836615210116,195.65532619185777
53.14672973665392,12.313013270237043,98.43664424835963,3.182476759398235,1.0944666522528204,168.17333066690168
51.73812116094432,43.14740631028642,90.31761005359554,12.387913704697,6.837219092223246,204.42827032174654
76.62005640057978,-51.20786581039914,403.71372582932497,1.0821590390380336,1.575959670504468,431.78403512904816
58.8616658782612,46.486356512695835,92.2184064207202,5.4408214801926515,0.6463414687126292,203.6535917605825
51.956351813183915,99.8269898183823,69.37172715375866,11.840898471442737,89.71501605268146,322.71098330944903
49.504703764060764,24.10078378977105,14.954108072848985,1.5398885635386415,0.958509001202886,91.05799319142231
43.9688563140184,49.326301611443746,86.09396902885963,8.482992653329685,0.41822489619436,188.29034450384586
55.69567213215872,80.46808162755548,221.41810163328657,15.790785750433013,6.282118403569683,379.65475954700344
,97.20670929396968,109.12029385886291,9.200072926923553,10.610108116163401,
46.14325488931617,63.08281373642429,92.4381521647084,4.539851486963837,7.617795713609342,213.82186799102203
50.71670090071613,73.37677817267505,106.28075570997427,4.95892831821007,1.4697552893181358,236.80291839089364
,68.49430049914062,-5.1249954978257595,0.026635346293876427,,
,77.98663750190858,92.41128749384042,7.267387836648684,,
-81.55258999242098,89.67828439249053,98.42717829399957,3.6742638566547443,122.88192379542724,233.10906034615113
,32.774746131588245,99.29760915568649,-4.32873571381651,24.55512913160405,
42.61672588120843,30.51944258644801,127.68036684863499,5.801276163169039,1.9574627692818476,208.57527424874232
53.75801147266434,64.23775374498763,87.7948715716029,-0.9774052283287542,11.004696636851955,215.81792819777806
48.84506589578429,31.254774438364898,113.40304077673579,6.112547793871938,1.9412835965220303,201.55671250127892
,,84.43420122833658,15.11175946409583,35.16175695036499,
47.6321291764863,69.75990258334926,-146.29086563833948,-0.2983479467655563,1.8258596904085787,-27.3713221348609
,,7.907364745659655,-11.080641394084658,2.964062295429157,
55.65464363801308,26.732325659765788,97.1406612631191,6.152701392994622,0.416597965864975,186.09692991975757
43.70184859002251,38.14981444392004,79.75213745806123,1.981578300000673,29.485281720367794,193.07066051237223
-100.04316182635041,42.96960697305393,94.10064775779489,4.4552087666590925,1.02345288741658,42.505754558574075
46.23354198811586,63.091611119101174,104.81752750866067,8.521230162982313,3.055526279744944,225.71943705860497
69.2346048474988,78.33150459211544,106.44267602720558,3.0715318353990115,45.50454395762901,302.5848612598478
44.085146091930625,39.011570044790005,-86.21873326520367,-2.1481207064820644,0.9720347556722129,-4.298103079292889
,55.181993059439826,91.7697672080231,,65.3754162495539,
47.20894465426005,62.54479587678583,99.99547428778602,11.152453249948893,45.2315674564561,266.1332355252369
46.487790110239885,33.994079431587274,95.39285863993867,3.6470383791924887,0.8166578747422975,180.3384244357006
51.128833344515456,74.24619800910995,78.31321647729135,8.014254610705278,12.458697912744555,224.16120035436657
52.184394560762485,51.15439963437973,91.96344502839713,2.4918454930610667,2.9729817592212138,200.76706647582165
37.05143401747364,68.52082351531293,127.4139480375711,1.2104939649743698,2.297757688035637,236.49445722336768
45.41509310752328,55.24019546671798,90.79564272139865,-2.1507095883803498,8.407086916989524,197.7073086242491
-82.50475764977232,48.8254208875435,-266.43496882276577,2.1754412143227446,10.442762038040469,-287.4961023326313
,74.59898149791542,128.8650445218991,9.395042448892925,,
69.7226006564918,11.11247583140489,95.75332823521205,2.6791216454770703,0.8901669024426777,180.15769327102848
61.065857836284145,17.22649375497947,-325.2831170963826,7.565616898987021,16.51438458522351,-222.91076402090846
52.76986492280947,61.87356508139616,122.11015085652733,13.95112588970811,0.921739415634331,251.6264461660754
58.180128857873086,88.98887402252045,-63.68171545093839,8.806797038337349,3.480241700112977,95.77432616790546
51.33448213615786,60.53826102835466,112.26814521144789,3.2357487779893344,1.829111674185711,229.20574882813543
63.25373299582633,64.32325265451426,74.29772801663262,16.474507040662502,75.45843087118503,293.80765157882075
55.34311687066754,29.85227426947709,71.4626605756829,-3.7486459346611345,8.909122207188174,161.81852798835456
1.7232921893197004,92.75869383527018,-239.05213570183705,-0.36678258723776125,50.7117457464014,-94.22518651808355
,28.495063036841398,103.63975608179672,0.014615230669872581,2.219196226132981,
44.880299166172016,71.95047081372613,133.48919982308777,8.26617438408957,1.046620358909177,259.6327645459847
,43.76888395416817,,0.3469251951119974,76.54628390579583,
40.193312154095565,29.037612410040744,135.0933791154453,5.9159560877371105,3.029877752257435,213.27013751957614
48.225654908804046,83.88922079908359,65.00109234831318,14.5280441835876,0.33081517866913046,211.97482741845755
60.719410479660425,20.311699427704756,76.31182155212838,6.294001961685998,0.8014118535526578,164.43834527473223
50.23447768754536,79.57456248527893,99.78302053771266,1.7772298947612755,25.44583543330496,256.8151260386032
65.88308596871511,53.47544662524494,92.28597449666798,2.404312302884706,12.49562815546838,226.5444475489811
61.57732480534578,95.47387806826316,102.99619994848918,-0.14806394833232447,4.24083570081855,264.1401745745843
47.69896469079536,59.47333446684233,27.799588631336636,9.13649968234122,2.3478408012848897,146.45622827260044
,,77.30752792016457,12.974741218352895,3.6374776977378183,
,88.62263293974692,94.94782124043643,10.456823141009428,18.757534412811246,
19.49936930804867,68.20532381422649,3.0565814330849976,-2.4239355694239086,68.23874765095537,156.57608663689163
53.022024687722734,39.63076927464486,71.945494829626,3.727625790731488,3.341802399928951,171.667716982654
62.91526379316372,10.940438775617892,133.6054894589438,-2.7629975706809597,2.628709397643611,207.32690385468806
68.91826987434638,22.338586741635503,91.69484911905563,7.661593419462498,1.1313569381348243,191.74465609263484
35.41537984769128,79.32861211464721,-0.9589371485051408,-1.219611829686352,5.954979767873831,118.52042275202083
52.65879959625214,84.97599550348804,90.599440342643,5.631506097190287,5.89160275453578,239.75734429410923
59.079785384655246,69.8211689566206,274.95522645221956,-2.703089140851221,0.8527995150371694,402.0058911676814
54.0857152911829,61.800058398447455,-157.27321341576342,15.00443989586897,1.6777586708104675,-24.705241159453628
53.314381129552075,91.76032948165262,94.3795561350895,1.9122287631267847,0.5337487384349711,241.90024424785597
60.75639538692753,74.29376363689073,66.99524549903113,4.292406525445788,0.4976195785825617,206.83543062687772
53.94812253798631,53.37100169895688,80.00671552155305,1.7824869972108095,0.6552531816576206,189.76357993736468
,73.66509009189224,86.64192781652412,,21.15029114811049,
50.45828120124814,67.543562979863,69.94058673335178,-1.2154820387395926,6.815184478643637,193.54213335436697
44.34342842346269,12.244550089631588,89.26082863474423,2.363978471244241,1.7905740636346348,150.0033596827174
54.37331870027627,82.27666650203615,-417.62406024869864,11.270373094275929,0.4597538095894702,-269.2439481425208
,,32.24661895397149,14.875431850498982,2.643739924713593,
,44.83624175818637,116.5055916706014,6.543119237486743,,
,,122.59258795055976,8.376701288975099,1.1714750794957602,
117.60718621694328,31.272115197589276,67.69574410752828,1.8419037925899513,1.9189494438281347,220.33589875847895
-25.874241868401203,98.97671907127258,-91.75775931526708,-0.7663991887059067,141.1495836256756,121.727902324574
55.29899209379707,62.99040974190503,-148.25227495816515,6.612819712909852,17.459997666439918,-5.890055743113265
,27.917009606317094,51.936519387019075,-0.13035854108448586,7.138908259820565,
40.43256550829186,99.11509683356451,97.26100831651884,2.1775003610703,0.6007137814069132,239.5868848008524
47.33519070289732,86.77912543532202,49.320296902913185,-21.275191258652207,8.81930407952857,170.9787258620089
43.66887383226045,40.97089303572728,79.17041855827746,5.1768073250413185,10.553817380453497,179.54081013176003
,69.13369345481487,,4.117116086334779,1.8054761346398411,
45.88072062022999,93.97543466373575,100.31784173895336,5.090145678753954,3.6615048522380373,248.92564755391106
36.31143042276588,-146.70758285448434,-213.04307016265273,-2.0585970881828555,3.5350143015873696,-321.9628053809667
54.898378499988404,65.53945696701842,88.90160470720821,4.013344236097762,1.3910198948425379,214.74380430515535
,52.209028427298044,126.0019845233162,5.544460189954307,2.5630111140647207,
,-85.16362073232037,-196.99907816073676,2.6761914677937253,1.911569609398712,
44.29760450538352,94.01263382937663,130.1710655327129,3.5719063251774434,1.820656099917084,273.8738662925675
47.9131241715666,12.542987114938935,122.52360141023917,3.0007284641976755,2.4569480539678965,188.43738921491024
54.3874245303666,50.35536459005854,61.816508425662676,5.933555454450404,2.1998937833324748,174.6927467838707
54.82559240184474,40.59783206433451,342.2137468767056,9.26231571110533,17.217443507467603,464.11693056145776
58.05488910899858,24.018611070753227,-11.407405047333796,8.243345867997558,2.3352755841292803,81.24471658454485
,36.60802242983269,75.56559008379918,4.304793102823219,,
,74.55251746580865,,-11.563224718028172,1.8118325267326005,
44.56842580303967,53.830857582082295,70.040249788859,2.914936575625461,1.8887817833045961,173.24325153291105
54.271078474487,37.74680975686771,102.51786643853714,11.060785672871912,33.655535813406765,239.25207615617052
-72.37867741478976,92.79538284372653,-11.076195292656074,6.318098653020698,-0.1972732376068947,15.461335551694495
,,103.3870586262102,-2.56440441107671,3.1573159706869856,
50.937451361555866,34.90475054279735,50.859403817276174,5.21936071503176,37.8063302471097,179.72729668377087
,,92.64939604938489,11.193338174660493,16.036010922922248,
48.58160941883546,99.87752008592199,105.56290890727455,-1.0180235803823017,11.298503090426882,264.30251792207656
46.75416377880726,73.38703872030408,-20.591259066770778,0.6802310586446416,28.321745817356128,128.55192030834132
56.25420152300492,52.73462132140418,102.61001392812395,10.010295671403295,1.3635096826114044,222.97264212654775
52.8278209104308,81.59170148556582,91.28920864377402,2.927107696552108,3.6025727917595356,232.2384115280823
26.512651552673066,131.45871334000816,-95.7190242208879,3.0260562542585285,1.3100982993029469,66.58849522535482
41.362420928329215,61.71696205232311,108.23409678672162,9.777561419984014,10.02102316381183,231.1120643511698
,-71.0521056253022,40.464677571903096,,18.964483283231388,
46.872142517548774,94.84187323862957,235.24815494733994,14.067608207199752,0.8557841564100342,391.88556306712803
36.26803637302102,63.03387605301341,-132.42352205303902,3.587008227330561,1.7154263377722403,-27.819175061901802
57.577008625401504,30.660258133369574,123.42224720556078,13.541873067992677,0.3312303392708511,225.5326173715954
,54.58193822731084,96.65173363324516,3.5973709241628757,,
59.33734694723294,49.20894845779379,128.49075220261312,-0.35689741442410483,7.393171367361334,244.07332156057709
45.42418549369787,39.78734681585635,97.10760674171098,-0.839118279786149,4.510893343924882,185.99091411540397
51.06509997496846,64.33750603209657,120.47053257751477,-3.824177045846059,3.0083641117488424,235.0573256504826
,18.521774331676276,92.3902102268152,-1.785127535528253,,
,20.418181947008485,,-2.9596671587685144,29.97351837953041,
51.28319330354047,97.27194989213442,127.42951752128792,6.4270160830994065,1.5268101228280022,283.93848692289026
40.95619770288528,-25.7973131104334,161.17002029606164,1.5275258110882328,0.4367263435664235,178.29315704316815
34.46960255182058,44.20012730764866,142.74643357249965,-32.163810409479744,3.2840312451682623,192.5363842676574
57.89278253518398,98.88183593607108,0.016244405369576442,-1.7038534742136706,1.1481100438380425,156.235119446249
50.22581893839296,74.64075805829697,59.401619297455305,2.2480807675023717,3.693088173504375,190.20936523515198
43.42105921735468,93.18085377303,-72.91074278641365,9.104440565254341,6.042359496037019,78.83797026526238
76.41934959049688,39.86240331438471,208.48020571041752,5.759037145263282,2.0722004530525613,332.593196213615
46.788217445026234,85.83449763035271,105.65225914506055,9.412205000958506,1.243390797944647,248.93057001934264
60.7374342740402,64.44301652193255,74.33799479913131,0.4595320002453738,0.8382609656539977,200.81623856100342
53.21975274790758,85.76325841408693,90.49325251241157,7.616084897778389,0.8297442678422797,237.92209284002675
47.01790866850506,17.905323615376734,112.93576752541702,-1.5514035575753438,1.3485270341497557,177.6561232858732
44.62381250825323,13.03263502044016,-27.784734778113613,10.440230253533517,2.0058162328976294,42.317759237010925
50.84649666236604,67.83008961744383,-124.62359770178875,-1.0200020817470872,3.094030810702561,-3.8729826930234115
,82.23834552052142,126.06746997030405,-5.166412037140354,25.20492729417216,
60.758452085025844,31.78627793750513,201.46331877872618,5.42149703880354,-0.017302231892661526,299.412243608168
54.02551345309191,10.299904956271819,-179.84311157218846,4.1611511336845215,1.7471291718547526,-109.60941285728545
59.55480481970597,44.97907105966467,12.580502756121719,-2.3515725482793153,2.367112055943002,117.12991814315603
45.491954630430854,92.9433818754691,100.337465370976,2.1661664551254307,2.9841686401067786,243.92313697210818
56.838630050501344,23.736148822696727,63.00406341857553,-3.1568305247940884,9.283575449942903,149.7055872169224
55.503237805292194,77.49950136610987,31.077778786355097,10.509776559420775,2.3441055029670688,176.93440002014498
37.73545025367854,95.27352571465018,203.61469685370892,-14.38075167993555,2.248534784012392,324.4914559261145
51.1916856078151,32.56993140090911,11.559186261474498,5.257584254948993,16.54886099749874,117.12724852264644
8.296997679184257,24.16953335316407,208.5500133489341,10.287996455932056,-4.272631380577684,247.03190945663678
45.40065868758043,40.87498021448212,86.85474348375138,0.6724790023029139,4.045441450212076,177.84830283832892
47.11863092456438,36.30884876520341,128.83907699808083,-0.8777219275228028,1.1569522298212096,212.545786990147
53.48948237226191,34.33718590823331,113.69822761286143,-3.4306205015951505,16.579165679174395,214.6734410709359
49.696656943895725,52.70388604835232,-148.33264440731907,1.7391944987975019,9.331797541825242,-34.86110937444829
41.962269179791235,86.032740601078,-59.58160811602086,3.285472309784354,1.124564924401228,72.82343889903396
54.731624693042576,10.571272840099967,87.9038600839936,-6.237369319583943,12.025588202327093,158.9949764998793
51.822538910761665,85.9111927394711,114.72781987608268,9.934265705498902,0.835243360021833,263.2310605918361
51.99342926309068,22.243053513103966,113.59096289195051,-1.5558341800389757,7.095780412441944,193.36739190054814
,,126.18676259726386,-2.1690857455389345,0.4522934539685046,
53.59217384555058,-39.16315899482774,131.72333776287567,3.664144469565211,1.958205231140635,151.77470231430434
47.71198393872277,78.73850380284856,-7.550011225591139,4.206841147784557,24.34663676159796,147.4539544253627
43.09793360482392,42.70538743095821,103.37634484877869,9.9004037785207,10.700217597495616,209.78028726057715
44.065401289836736,31.757127589943828,105.61049385535559,7.23360923044052,0.7119981103844033,189.37863007596107
58.84460108926452,78.27629347352341,85.6668744014957,10.54875529184492,1.1749419705638235,234.51146622669236
33.85825077860467,15.023723458295475,112.89675484664372,-0.41970381861521844,1.558078422075928,162.91710368700456
,50.389625360223285,97.13744321112915,,3.5214632819161285,
,91.07430744994778,49.355548420700295,5.765964467888091,,
37.12919709729506,50.43211630888091,-82.36668777916579,2.6212653739574856,16.941962185193812,24.75785318616148
41.94745150563193,84.40392807595344,78.59405725559603,6.345393161401404,-1.5044445432208058,209.786385455362
47.93973100158827,84.79404690858026,-44.455911602770826,-2.6607354327688384,0.5331355281278078,86.15026640275667
55.84405957711624,70.11022886690907,257.55288040744546,-13.550235204459632,1.7427565519494692,371.6996901989606
,33.55426455478724,586.3749184975183,0.20651186386147177,0.7371910192799298,
,42.180256512737735,,6.565255987625203,11.874155367929184,
,93.48570990179424,96.38235274954079,7.215546385432209,1.1371110152985207,
48.939411258787956,89.38911142695234,109.80320753234471,4.3349681077537126,26.918333202027554,279.3850315278663
47.67803353110029,96.1865193478334,91.05363836471243,7.179038687242773,4.637492103416935,246.73472203430583
36.41869731283654,29.90757578441996,111.92433912231195,7.507943490457216,1.7019570215803075,187.46051273160597
,23.577142367337913,-95.75349857613706,9.911739739889189,4.776603247375007,
50.55041176593787,17.803571146917967,-18.33636857313759,6.357861587754659,1.212197332464207,57.5876732599371
,53.01711591563293,86.759625572864,-0.7375156812203345,,
,33.167998226793145,,2.5597281185237093,2.2198788173796027,
54.383551414725325,95.17976490195544,97.40458240587124,-0.239545666713056,7.144130198463317,253.87248325430224
49.70893969758228,54.1848215900664,104.46124751966404,-0.13952888353138704,27.85604949406824,236.07152941784958
43.22386997564117,74.88020975714687,70.38337146014874,12.166367426436778,1.0709080636562085,201.7247266830298
65.21843233305603,99.66090394665557,123.68515482057454,3.405183064499879,0.9941245372704124,292.9637987020564
52.23684313744009,49.18039869149547,80.79446842006035,7.674806746665969,1.5310629526682327,191.41757994833014
,11.931789545282134,,-0.2236789870446545,15.888842805716127,
,,99.77510760448021,-0.02804774600548665,1.0154642329647645,
,52.45267439272567,94.44680792392909,0.5250275681903491,,
,67.42356756094037,,2.4140886323807256,,
58.490891145264264,19.499278936817273,247.79265832630358,8.191899542859023,4.736917139572739,338.7116450908169
54.81617816602971,29.76918128503242,174.95589108541972,11.768959287077982,1.665496667791051,272.9757064913509
,76.14437244335969,113.8462469618382,2.0643825009036494,0.47533272785300795,
,151.01453586352304,-7.105733877919914,6.606547607515285,,
51.543487873353016,96.4348697044758,126.15646921115672,-3.7904886237740714,20.274360693557952,290.61869885876945
,75.81987929538877,,2.227326389535705,13.457545942748743,
48.6873976745808,85.60417780549312,-12.57542829140155,4.251653123436028,-3.0293286766292318,122.93847163547917
40.80950188473712,63.483109470270485,93.59078361702798,0.5746586536935081,0.8810808286940492,199.33913445442317
43.31593196823799,71.37931280927418,92.20658068016496,1.3520166212654727,1.9790943454161125,210.23293642435874
51.683605827035095,73.97336637535864,105.04785013635382,4.331525372781766,3.8775838327064216,238.9139315442357
,,257.97553793984105,1.8055058912953332,39.49017274089521,
42.23841741619006,44.37003038053288,-99.6410747134558,5.11620338981392,0.651167606657122,-7.26525592026181
59.737452473151095,45.88982901052492,82.12094567401115,7.868120309557736,23.501626240591207,219.1179737078361
51.4611790285524,44.84280500775138,160.180244845981,0.30226527676214676,-2.1414649325439448,254.64502922650303
39.841443265576935,-65.55523576841786,-34.04889279930676,1.3570234214298758,0.9217387158531416,-57.48392316486468
52.587119437773325,48.10461975017758,122.41388345551911,3.4933615141279315,6.924624232944355,233.5236083905423
,-54.79061700491867,,-0.7302141662995387,8.315330579838419,
52.115157533045696,-83.25888643349742,-253.80931972942744,-1.2527714009041286,1.6063807143323894,-284.5994393164509
,16.195267938116743,-39.821493867744294,-1.0315648450892638,1.9348849645454556,
,86.72012661817372,,-7.909144035075823,8.086962541053698,
,80.62746102509178,,7.325860774725342,21.492699224656437,
50.08818157420639,53.14028311382636,291.3219923886241,1.5338847400329767,3.728090370869055,399.81243218755884
57.84059302401586,-15.556306012472843,-93.57532875824,11.475225691020986,10.283568201771155,-29.53224785390485
30.835423892865613,53.496416892383515,83.03192800021287,10.870425599839924,123.08577562610488,301.31997001140684
43.1398198796825,45.36019497890887,-225.67030265565072,4.202863079090274,1.445406828481989,-131.5220178894871
47.08577531000257,90.97250317824528,126.6828191410662,14.501905280654123,7.536726927190614,286.77972983715875
54.03141520968283,35.20112676178864,87.6230287958319,9.221042783776515,0.5806173019966572,186.65723085307656
-100.38505237886663,-15.330987489119234,60.045424158655436,-5.7104870196272035,0.3900971280129415,-60.991005600944696
,87.98261562934212,,5.7203405959655065,8.613394027276133,
52.85551253604515,25.999012204815124,86.9678866620202,1.211727788296301,15.43040089072058,182.46454008189738
51.65863653912098,30.82817521896755,98.52055760545645,8.307572782816925,0.2384284240804604,189.55337057044235
,,68.39505355694078,5.134762355244706,1.1729590777969765,
,89.66717069944002,,,14.176153612039421,
56.63609987517793,90.67757617634506,76.12173017915576,6.092223074251122,7.17513138921009,236.70276069413993
56.0423996636174,82.61367020776348,59.68967280111765,6.909834798165854,1.787845929204197,207.0434233998686
,80.83336837111206,-3.389448108223561,2.5315299935971325,,
48.08034960936876,83.03834330192272,89.0870973159488,-8.518333200377613,4.666700929309403,216.35415795617206
44.439546836741314,39.21058424771834,114.44379505391053,1.8420307775429077,0.5590197955818859,200.49497671149499
46.22879933629049,65.87523627065244,119.58460942878014,-1.0634202302916318,0.3789563484283356,231.0041811538598
,,68.61674835874658,9.80551350160712,6.5522221534939025,
62.89165835194679,86.73814526757998,-51.99745544616608,-5.831023764281415,1.1197980660025921,92.92112247508187
51.91471413144992,96.20534997962116,78.19474302190257,-5.343875567818682,2.13567508305195,223.10660664820693
53.88002102517824,32.73340143370574,142.9654198934897,1.7660617966952215,2.4393850343241974,233.7842891833931
,,1.4229568199847118,4.920922231366867,-36.36696357971915,
71.43928246383453,75.65068503866132,129.99855012644247,7.498732747981538,10.2725589737159,294.85980935063577
41.171822949910194,92.53496654814352,-146.78454864946846,0.9246446751910562,8.730517326596287,-3.422597149627425
-56.59397218394805,85.91124382866239,52.65111643405238,-6.666443745947179,0.9581096773805466,76.26005401020011
45.551621266869574,11.176175203583421,69.96731817412699,7.733713228073544,7.1430247225713535,141.57185259522487
57.66168991750149,48.77929912472189,98.12258904114022,0.8261988437964223,60.86344258185613,266.25321950901616
56.52176545142735,45.58632339071001,119.28701404947853,2.832724480514041,24.23648985629514,248.46431722842507
50.5145551980321,47.92711823297202,101.25835731452403,9.940686031421862,8.04143795597685,217.68215473292685
48.668757027890116,22.621194657078444,13.637937465706084,3.7142739168506047,6.672887441456036,95.31505050898129
42.474321800057304,78.51146437179905,105.60886012447125,-3.6720363949888544,0.6389191318958716,223.56152903323462
49.571243986215215,27.59472719957115,-124.88614080777876,9.300314426354014,10.200405634584342,-28.21944956105404
58.8090896251546,65.06447415062593,-274.5797608150299,-5.090882025781319,0.5967320420662645,-155.20034702296442
52.9769803632446,93.6019103521369,-250.99746812995338,7.618100026169205,1.7339326183044304,-95.06654477009823
42.932312103250034,74.38765443062296,112.71920088271673,7.660371334405056,10.284160328345104,247.98369907933989
,39.07660749879483,113.05973665104943,,1.8609480942104932,
40.37077206724595,83.44402480963498,133.76945849085564,4.746757558208331,1.0986316642208642,263.42964459016576
,,87.53781318372353,1.0357753973526043,,
,24.52101921068294,,4.420045753347966,7.172873302373867,
43.738498024069344,57.60806702815495,102.40945228892924,0.9792484780119466,1.1310026048300674,205.86626842399556
58.63784542236566,80.14065119009773,111.41404160959203,7.24785205315483,1.316280196792924,258.7566704720032
46.29727291522985,42.20437234198271,73.45594455734994,1.8995017878986955,6.568340811614032,170.4254324140752
37.879394565199775,43.182474485266304,97.40594797436935,7.733264914605954,0.3067270541725051,186.5078089936139
105.48053425501898,73.10556123123588,-139.28358137026663,0.6524927231329736,7.58799624137862,47.54300308049982
56.052974861825426,59.77777754503185,127.91025380087393,3.5932328354245695,10.741479156892911,258.0757182000487
44.16480622022999,66.04710346621556,130.4592858133597,8.215724524990927,1.0977971209138522,249.98471714571002
59.71826120064138,28.47490690772942,-95.8374829253685,8.83559741799504,2.6479608852393253,3.8392434862366582
58.06626373364179,67.88679029312274,119.01963856142413,8.08195429777345,2.5831671530522016,255.6378140390143
50.58626407141384,54.650659719372186,59.875934244005315,11.26546278204103,0.716140264551596,177.09446108138397
59.38985930738243,114.09896857071539,119.23918703508829,-0.8860029261768352,2.927480926246048,294.76949291325536
64.90361333856765,36.370792102547426,71.18327417790486,4.776728471406211,1.5535285273360913,178.78793661776223
34.13090801880825,22.713699768113138,94.44544773667921,9.624165325126537,0.4411057168745778,161.3553265656017
-3.181936404212828,85.30715611452041,1.4863214092101185,4.634366859937716,1.1659405492673653,89.41184852872277
,20.185123525900405,87.06059364349503,,8.099431578811881,
47.41439014021596,20.07850289457619,98.68433449038461,3.905503450772747,0.25749369456625715,170.34022467051577
,51.30213452213872,137.98088388608477,4.322391083028949,,
53.173807944733056,47.346795996754395,-218.16253506679504,1.241563635382078,1.0246334436497229,-115.3757340462758
45.39106511300364,95.08838836422511,154.46331523462285,-0.11749325302298086,0.4119055007374701,295.2371809595661
61.90574713662412,47.09226954656704,76.20672698954218,2.058900053392066,-1.2045033652434325,186.059140360882
52.635044693623314,39.3228382423553,63.67679776435425,5.967855852507303,7.136777107949839,168.73931366079
,38.93185949685916,108.57078133279116,,2.3346499282773276,
48.034036899612964,32.429404796080306,93.95596744168049,0.915313056120342,5.0502087868008285,180.3849309802949
36.91530705592671,76.50332907497341,56.93788416628075,5.060866025377486,-0.9716173119948041,174.44576901056357
51.95838470836789,12.614056261124468,30.728975791809777,0.27841827986992174,48.577473195067064,144.15730823623912
48.11934216152789,68.35114848613225,63.07991172353883,-0.90882433524013,24.275862351748092,202.91744038770693
39.913377554766875,15.852628325279973,139.7705471914776,-4.0172396850107575,1.0810266657694,192.6003400522831
36.46425656978553,31.617363248159464,67.01495326172429,5.755560386011236,66.20721490423007,207.0593483699106
,18.140195657008483,136.88201458600096,14.892217946777139,,
,78.48683903904114,,-4.766163179441714,0.7654663034537705,
,29.37942774222283,,5.600418933353534,4.177252997802253,
-5.235182679208861,71.2458927598224,143.44717883560324,-5.44000833216896,21.6909382000053,225.7088187840531
,52.73806863886586,118.83811680890946,6.639061294014864,0.5294340206597852,
51.51535873831514,93.77343302440102,64.26368835153917,6.085876003826483,1.3253440379479695,216.96370015602977
50.358197483335594,43.60335058580232,-209.9797123434741,4.564337923465837,1.7910536387314169,-109.66277271213893
56.35748219469421,53.3110349547364,57.60778946343609,4.26361736301464,0.4944971477684632,172.03442112364982
46.05487406847244,30.887775309684383,237.22243513444172,11.643317864687939,0.6635773985926132,326.4719797758791
39.90728208800214,25.881191872733055,86.31893676771804,8.026534640621223,1.55499120832389,161.68893657739835
-78.04361819659321,16.62651702656845,199.289694342497,10.097124188951568,41.718186131664424,189.68790349308824
51.57817779076421,40.95939645622509,265.9354747942991,-0.6380329653677994,125.86294442292014,483.6979604988407
,70.92935065392308,-112.31206614752648,,1.6638443618083798,
50.206460732052065,34.987503421315495,152.43269495928715,2.7536201979333454,2.2143510789079794,242.59463038949602
110.83106546209507,37.942045212134,224.60994898173658,-5.050391995508602,5.670398571131353,374.0030662315884
,14.90149004644025,,4.588964626444561,1.6496905516531069,
38.90541972311087,37.23243485937977,138.26483172477498,8.693591580008793,2.0836340483828906,225.1799119356573
55.229298514639346,86.97173939833553,109.14078661211629,0.7143745620745192,0.9655834126705045,253.02178249983618
,,76.9476278564827,7.000005618631827,0.8837811711714352,
,97.30676104231384,,-1.3689891411083277,8.445397422107124,
53.81787442488959,-9.292988734904029,-910.7292331832024,0.29745820308512005,2.2314858565851496,-863.6754034335465
,21.94279362209452,118.73565588428598,7.2683429905914885,1.3747848574417745,
,24.433049672750045,115.17229661505442,,31.63055449314797,
42.130175007731864,45.18600063416852,105.23182469329565,-1.1870351789845692,0.5673339697439133,191.9282991259554
53.30026172529262,25.555940954784784,87.96726073094187,18.718691810325733,2.18984307201233,187.73199829335735
45.085561229299714,12.43027722988428,105.50751506566228,13.051766682377187,2.2448520481114205,178.31997225533487
,30.618218343346683,106.77872400129047,,8.75416956357096,
45.011047933777476,46.17627559927166,105.42906603981444,3.19517225829684,1.7668750812208902,201.5784369123813
47.09451038858265,56.40298548439297,137.8103330179955,2.432506221005221,0.8977210060640619,244.6380561180404
56.075770649062996,28.91379270772974,119.5695252180898,3.2057554073911487,0.9379794623286788,208.70282344460236
49.72858400258335,24.860132020778718,-156.33475151348762,-3.6488569704833553,1.196572886863521,-84.19831957374538
48.668794458252314,72.09531867231362,112.66542141741844,4.257782437888457,22.694925391539154,260.38224237741196
52.15657938735101,18.567035038755886,114.52405224001099,-1.5336493406371288,3.2448649906471703,186.9588823161279
53.00244440844897,41.349692786664335,70.06582315042414,9.092996197804283,12.376811530873786,185.8877680742155
49.32867804655035,82.80665740440628,108.85605595590962,-4.332611158749669,0.9341491399132593,237.59292938802986
51.80901079399559,51.367346904288226,81.79079200435666,0.8301720282933092,3.4981225125715056,189.2954442435053
49.07295415527247,66.35118743372581,135.15220415098818,-0.6404465704960716,6.6730684665877495,256.60896763607815
,28.328214776638372,26.55255849046959,6.105759464815659,,
52.30248347435783,18.430786429783574,253.724723839997,15.635679183335533,2.5699393840547846,342.66361231152877
54.03417181690768,19.35456505084241,153.94695829197263,2.389414910494232,-17.977327896451246,211.7477821737657
56.43413886153391,43.06094455017427,233.85923860428488,11.514860064301232,3.5965297874422895,348.46571186773656
41.75513429686004,61.865557114884375,71.11430124703111,-0.9405683349796483,0.5397191266370598,174.33414345043295
39.138419519689464,32.133886115915544,-146.71438462826396,-3.6363263771238086,5.290165632968303,-73.78823973681446
47.86798507976023,99.32128252702346,108.64811614907681,5.400195589771402,0.3982761506630741,261.635855496295
48.62965761931967,60.96440154495471,22.539259763902606,-0.5638134988081313,-6.788229537960438,124.78127589140843
53.69908440579044,56.51078009745599,-117.32053277147554,-6.176200918457557,44.42573775897028,31.138868572283602
,89.32905711752694,,2.5479688105052967,10.693922262170073,
-27.24996077740528,11.072205606695048,-177.44672367953,8.777393623844073,6.18952972694867,-178.6575554994475
53.48360310808997,75.7218888731368,70.56845314176248,-1.1764102834709877,1.9440039873891726,200.5415388269074
36.92044691101927,38.690171459144295,113.05008802235771,12.876018325180457,0.3659055410300418,201.90263025873176
53.47949819674693,68.50023212560191,100.93754178951477,5.946236362882223,4.9150878180294875,233.77859629277532
,,71.74531816305512,0.7407969660502429,1.7576143240650541,
9.560807645425788,49.08142108505333,-6.195313451907293,3.8538897948747217,2.856377508744182,59.15718258219073
,24.11548200193377,,5.272823447599606,1.5973596395791834,
45.38485326810041,52.962391386941576,97.5786243006849,-2.1886258729923673,4.069373812523972,197.80661689525846
,39.700708724332415,80.06532260430181,,0.9485139999837351,
45.825788414512076,42.719543018315704,82.08195373711402,3.9935453471391003,8.765536179949542,183.38636669703044
24.364789245362957,64.71615790857439,71.08434161915706,9.192497736689443,3.4316693691371842,172.78945587892102
61.701687941348034,29.25771562074253,93.46768065866311,-7.238352493673229,1.4155610190951613,178.6042927461756
46.26477902771933,53.53149276355376,106.83852581068186,0.4945220422318135,2.884199556281482,210.01351920046824
,49.96707194463016,81.31626391959593,0.446918072015249,,
57.39798107609538,36.70941250453844,18.565886829453923,6.7669821516119075,0.25607823136172314,119.69634079306137
,42.67756575480434,,8.139313035678658,9.316444968973943,
46.09113395561036,29.264455682365256,119.39955915454314,1.6854912506935675,4.344734135849655,200.78537417906196
,43.13075821619003,88.78720958837451,5.191904544186658,1.0502584432509767,
54.28321105782609,23.878881614512764,116.9563950369316,4.980892345056451,4.40228313871582,204.5016631930427
54.40675760886843,73.82680904691655,172.06304111775404,-2.6597122073507293,2.417130684648268,300.05402625083656
48.467823572006,84.21123017063516,86.54580388539536,-5.346340891516899,17.13831858881523,231.01683532533482
56.35758102180077,35.74168965228036,99.64532998825928,0.5488507769165767,0.7383536485774691,193.03180508783444
,73.4831432126768,-59.54321648883736,6.801606082969785,,
46.09820466442261,94.9244661840679,100.14075220890683,6.619400154722773,10.855972673064814,258.63879588518495
41.95308108132145,22.20767258574905,63.19321386123843,3.1363131753317925,7.850699649757429,138.34098035339815
,54.245818741489735,,-7.306432969412603,,
,,98.27754226733374,10.04298113333487,1.8938443528305031,
46.32059561683357,57.01837617355048,106.44450172858757,5.322345933751182,2.561293776417372,217.66711322914017
,21.736410475265973,108.63273072079909,,12.27037022796522,
54.2901484139806,46.28233730325017,-362.2345085167092,0.445615472261665,28.977410570106567,-232.23899675711013
,,-125.41593069887277,1.1491742064669572,-1.9266072480434353,
,48.773679030508944,111.23677655923548,,105.400580847928,
54.12276196104953,20.717779592229988,114.00837940808329,-3.8892669524104075,0.27516646092529484,185.23482046987772
69.07299698427109,33.21721972480716,80.04184997723505,5.48513960249102,0.5046146799422111,188.32182096874652
,52.39264435351977,83.42550061757292,4.888777856894838,2.92942605128341,
42.830849308243195,89.09170608906082,103.50661416029013,6.530528651905939,2.36942127521322,244.32911948471332
48.41751906090271,80.10605351388935,-9.715635952402819,7.804798601072975,6.505465710184156,133.1182009336464
49.23619334522113,-117.70906852564387,32.78349884055237,-4.464540002000043,11.947105810108905,-28.2068105317615
36.556432647948164,3.0789704668191007,-120.67761424702906,15.989069714613779,1.7374775835724172,-63.31566383407561
55.4136655639545,86.97631442322746,101.58910989203714,1.6096532741959253,6.726672931074501,252.3154160844895
,,-59.77970164942145,-1.1603246501556574,6.718660642880004,
49.81567049301402,92.91806125310025,110.87786144755428,10.11156194816548,1.1521246714485862,264.87527981328265
45.57345257922829,-10.091086641331376,297.3602343829907,3.957057675214106,9.701480172895579,346.50113816899733
41.15101410973699,18.986252507880042,113.36786725637516,2.992612922519565,43.4756679196708,219.97341471618253
48.26292084488101,47.345784777848124,18.618583419251397,8.033866810521072,4.490920458634103,126.75207631113571
42.996620985568576,84.71154932188333,64.30592676664,12.588475536856222,1.5776061000332868,206.1801787109814
,-5.369709529336205,55.00874912803761,2.700363879154078,,
42.75002543420924,85.65058385135217,103.32888538054395,-4.7281112998859065,34.73337469262945,261.7347580588489
38.6739743140049,36.885626325193286,54.77029650232893,8.631753753237573,6.737093721146956,145.69874461591164
50.757666490042645,49.103718904175395,-121.83705012717455,-4.900639524168874,2.787132553741663,-24.089171703383712
,,-8.161759669553648,-0.8943070449706791,9.49983500023254,
,88.57997509630101,,5.382015696161231,3.654718423599972,
50.450686235020555,99.32787219849389,90.6823169118955,-5.177696337832423,6.0015388858606915,241.2847178934382
61.7252400406899,22.89804664572768,-228.97080427515002,5.009692956687927,0.2368409680818715,-139.10098366396264
44.9122463073373,56.50499034879078,108.46588906166784,-5.103659355212855,27.379794241298054,232.15926060388108
58.876041827670086,42.04324081624384,103.24513998281066,8.95090125454707,2.655421900743491,215.77074578201513
42.05894012672287,81.52409904923577,309.33278022078105,1.6805630840565668,0.2944815717561716,434.8908640525525
44.54126821176965,89.86885361102559,93.92514803048763,3.4305612523197375,24.77728863261272,256.54311973821535
46.725846395115134,87.66226936489885,-10.47036635729199,0.19323227733559412,4.680233382882487,128.79121506294007
48.02019781545903,111.18833408389783,-206.68034416821376,4.295571136729849,5.392496902581211,-37.78374422954586
62.22280895518702,48.89673264088463,147.61167033280918,5.8185908048723505,12.677869998278581,277.2276727320318
44.804493032743075,78.38270584389463,91.7197069971825,2.100224290617623,5.362490711291928,222.36962087572977
39.84787579120338,15.418645462680926,80.60756331802455,-4.292899405098616,1.4463212979480797,133.02750646475832
56.039008565812324,32.23556235020659,78.014010060063,5.441605706708263,3.064356222746155,174.7945429055363
49.80873245919424,63.60575616227845,85.90891865862783,-6.135344758788721,3.6813478142119394,196.86941033552372
37.539660223752044,34.15026092457964,106.43728966631336,0.08142087296646316,20.30429631909026,198.51292800670177
52.77081261291084,94.5778017311452,75.0837968216813,1.773487945906767,0.7641811796449431,224.97008029128904
57.53891597965448,65.20634186320346,108.462289551239,-8.149620575832095,1.2098092534542149,224.26773607171904
46.91618546635161,94.26356712631316,87.72088724858538,7.370697588538803,0.441364991268852,236.7127024210578
,,101.65713924733626,2.967408818055846,1.5591655554681036,
62.36129407933488,64.07259288631471,128.7012612420715,-2.9423114074379555,46.994943276885685,299.18778007716884
44.46649876700348,94.26440711627322,89.11899484763089,8.694975749647785,8.06495946104187,244.60983594159725
,,102.79102053155319,2.6274194895205105,0.6659819050522344,
33.217665013810034,13.628709020316606,95.89043104649832,-1.2304334493075464,0.3673628000953961,141.8737344314128
,14.888548763340086,,0.8206661327580353,11.188601412861239,
43.93736278119265,41.101072723178575,68.48016625680884,11.869543802402584,0.6393807426189664,166.0275263062016
57.742483329209534,27.953387977350065,106.50499048547006,8.080944101134019,3.918200435142282,204.20000632830596
43.00379964246081,90.41773370112513,88.71843703724572,13.129029032217442,9.487911688368895,244.75691110141796
58.22272312053464,21.62030894528835,71.55347097787771,-4.883073985887814,4.448304836081749,150.96173389389463
43.57688297249584,56.49243127977976,80.00363418667669,-5.223328229063908,1.745872384290731,176.59549259417912
46.57357273856252,98.83213832225819,87.86891466790591,5.752994556419157,4.742948557560419,243.7705688427062
43.95667332951666,209.12937940788484,160.7105051510671,8.5692403405434,1.5115404978925495,423.87733872690455
-21.954181202584703,-27.788922825561038,-232.46985058960794,4.5237170412430086,3.8479877291916385,-273.84124984731903
39.01508652275928,47.326721999654175,114.73015206516688,4.332119090594698,72.02412631880034,277.4282059969754
55.174066698301694,71.78457906469782,80.95270926375626,8.505673903080801,16.60261762749545,233.019646557332
,42.09582150385386,,3.464059600180815,12.116066093192853,
,-63.2337852548923,-130.4145506021049,-2.6335409107729735,,
48.02810303522284,25.43774447733943,113.48926843812744,4.651891952164348,4.355055312223991,195.96206321507808
43.89116528941321,53.64435615778755,78.42086463575372,2.8647637753686457,0.6066692021492521,179.42781906047236
53.846309944745535,32.95546618658404,95.66819639309861,1.071097093922114,1.0616050723732817,184.60267469072357
43.34560637760233,87.17878660387305,68.71560729806971,11.0234988274429,4.117246322563085,214.38074542955107
54.74551385031559,15.214687046142714,92.6820411881619,2.2705438030073086,14.035073256715105,178.9478591443426
,72.67451088394202,,5.305490093558905,-29.336028228832998,
53.90156750541668,78.48533636851866,81.63190903142224,-2.8468460282896544,1.42437916722744,212.5963460442954
,21.85980944369952,103.99706751087498,7.093747864510235,,
54.366275722299335,24.00191255145359,-205.72348640004228,-0.09394918305874239,2.3011202445451593,-125.14812706480294
,83.58543306759117,84.05071144737643,-5.329108424317216,,
-65.01802373764185,90.61704101344799,289.9215774664308,9.854426977363733,1.3390454598341037,326.7140671794348
